rank,line_index,chain,resseq,icode,atom,bfactor,x_original,y_original,z_original,x_watermarked,y_watermarked,z_watermarked
1,5,A,1,,CA,0.0,-16.803,26.79,13.191,-16.798613227673517,26.784857330374102,13.192750198833778
2,12,A,2,,CA,0.0,-14.584,29.758,12.346,-14.586025256750844,29.756427323798114,12.345787090465311
3,23,A,3,,CA,0.0,-10.853,29.186,12.668,-10.850262442502128,29.190865103801418,12.66342419288091
4,42,A,4,,CA,0.0,-10.606,32.026,15.203,-10.610575605757962,32.027860760505334,15.20170230973632
5,57,A,5,,CA,0.0,-13.183,30.16,17.326,-13.181060569864842,30.15990364486639,17.33020616426127
6,72,A,6,,CA,0.0,-11.254,26.894,17.109,-11.250996293378352,26.894232749094193,17.109423420008596
7,91,A,7,,CA,0.0,-8.064,28.725,18.085,-8.069346159992115,28.720532033617992,18.086506584891673
8,101,A,8,,CA,0.0,-9.697,30.196,21.198,-9.695958034306507,30.194377206560848,21.196959516193047
9,123,A,9,,CA,0.0,-10.784,26.683,22.201,-10.782919472579707,26.684433303089993,22.202272702340398
10,142,A,10,,CA,0.0,-7.283,25.292,21.583,-7.284010552253695,25.29191079050861,21.582889638212244
11,152,A,11,,CA,0.0,-5.748,28.117,23.622,-5.747254107426858,28.119443234728497,23.617778224587553
12,174,A,12,,CA,0.0,-8.031,27.319,26.588,-8.027723978271467,27.318326264526096,26.587563515571038
13,196,A,13,,CA,0.0,-7.201,23.636,26.311,-7.202371396728883,23.639314960909406,26.311104286060534
14,215,A,14,,CA,0.0,-3.49,24.379,26.18,-3.493782592233413,24.376610541555095,26.182290337869148
15,225,A,15,,CA,0.0,-3.796,26.195,29.506,-3.794433076220427,26.194810567954214,29.50644723891682
16,240,A,16,,CA,0.0,-5.197,23.08,31.123,-5.193347144081962,23.080884025197992,31.122480134488427
17,255,A,17,,CA,0.0,-2.396,20.853,29.738,-2.399307606812309,20.850142512941346,29.741871357242275
18,274,A,18,,CA,0.0,0.498,23.163,30.556,0.4977905624210773,23.159778299152336,30.55707866817261
19,294,A,19,,CA,0.0,0.697,22.733,34.417,0.6956323997249007,22.733800227754394,34.41037419091177
20,309,A,20,,CA,0.0,0.747,18.941,34.093,0.7473626504364184,18.9466841494539,34.09390564241288
21,324,A,21,,CA,0.0,3.301,18.953,31.281,3.305332552630065,18.956316063567627,31.27743676212006
22,343,A,22,,CA,0.0,5.482,21.208,33.397,5.478689241825742,21.202955277472377,33.398423279199555
23,362,A,23,,CA,0.0,5.54,18.641,36.154,5.539492579736752,18.640537677937232,36.16005585012436
24,384,A,24,,CA,0.0,7.545,16.329,33.914,7.548396858024288,16.32742801966788,33.914024885877865
25,399,A,25,,CA,0.0,9.283,18.398,31.18,9.281766930724462,18.399593697463295,31.17944166128351
26,415,A,26,,CA,0.0,12.101,20.432,32.694,12.10069412549008,20.43180804668819,32.688439917617764
27,422,A,27,,CA,0.0,12.588,22.658,29.611,12.585620245552557,22.658913514935577,29.613644502299366
28,434,A,28,,CA,0.0,9.663,25.053,30.187,9.664159051200564,25.054086936308877,30.18824872797926
29,449,A,29,,CA,0.0,9.993,26.495,26.65,9.993079759371675,26.491563296179528,26.65106874487121
30,464,A,30,,CA,0.0,9.475,22.981,25.288,9.473814722515176,22.982043648619594,25.285454023857035
31,484,A,31,,CA,0.0,6.572,22.54,27.756,6.570074981823526,22.54012223388247,27.75648802920488
32,494,A,32,,CA,0.0,4.801,25.638,26.409,4.806098536974991,25.63890332008934,26.409157295390948
33,509,A,33,,CA,0.0,5.189,24.417,22.819,5.1915705491630595,24.417157872337555,22.816025631380235
34,531,A,34,,CA,0.0,3.976,20.892,23.663,3.975654583725757,20.892377686733344,23.668203364941437
35,550,A,35,,CA,0.0,0.91,22.229,25.453,0.9076531032249466,22.231675820598696,25.450978968329984
36,561,A,36,,CA,0.0,-0.109,24.419,22.446,-0.11369841388946367,24.4145876425137,22.444789980292477
37,585,A,37,,CA,0.0,0.653,21.764,19.814,0.6510670372355652,21.76278432665726,19.817423477830978
38,592,A,38,,CA,0.0,-1.16,18.952,21.657,-1.1573926132233228,18.951869745282853,21.656993307413334
39,611,A,39,,CA,0.0,-4.183,21.227,22.223,-4.180311168025538,21.22996543564513,22.219414217134975
40,621,A,40,,CA,0.0,-4.28,22.305,18.553,-4.276279996996463,22.305127509454113,18.552805772515867
41,640,A,41,,CA,0.0,-4.046,18.676,17.447,-4.047755127143261,18.673817064761547,17.44808432134352
42,650,A,42,,CA,0.0,-6.789,17.613,19.862,-6.790423177647144,17.61551014935941,19.86208385951959
43,657,A,43,,CA,0.0,-9.13,20.253,18.446,-9.130467651794556,20.252744608391286,18.446014137972146
44,673,A,44,,CA,0.0,-8.16,19.504,14.837,-8.161086716809113,19.503983739315355,14.837369149528616
45,683,A,45,,CA,0.0,-8.677,15.765,15.288,-8.676837288798174,15.764753120086525,15.288018032199009
46,702,A,46,,CA,0.0,-12.06,16.295,16.921,-12.06070046101418,16.295035344612657,16.921350777022745
47,712,A,47,,CA,0.0,-13.379,18.722,14.353,-13.377350843625202,18.717952347518523,14.353170522978829
48,728,A,48,,CA,0.0,-11.983,16.641,11.451,-11.98565949600021,16.64719082352971,11.45057538571401
